-- ============================================================
-- SNICKR SAMPLE DATA  (Project #1, Part d)
-- CS6083, Spring 2026
-- ============================================================
-- Test data overview:
--   5 users: alice, bob, carol, dave, eve
--   2 workspaces: "TechCorp" (alice admin), "BookClub" (carol admin)
--   Channels in TechCorp: #general (public), #engineering (public),
--                          #hiring (private), alice<->bob (direct)
--   Channels in BookClub:  #reads (public), carol<->dave (direct)
--   Messages cover keyword search, chronological order, and
--   the ">5 days uninvited" scenario.
-- ============================================================

-- -------------------------------------------------------
-- USERS  (passwords are fake hashes for demo purposes)
-- -------------------------------------------------------
INSERT INTO users (user_id, email, username, password_hash, created_at)
VALUES ('00000000-0000-0000-0000-000000000001', 'alice@snickr.io', 'alice', 'hash_alice', '2026-03-01 09:00:00'),
       ('00000000-0000-0000-0000-000000000002', 'bob@snickr.io', 'bob', 'hash_bob', '2026-03-02 10:00:00'),
       ('00000000-0000-0000-0000-000000000003', 'carol@snickr.io', 'carol', 'hash_carol', '2026-03-03 11:00:00'),
       ('00000000-0000-0000-0000-000000000004', 'dave@snickr.io', 'dave', 'hash_dave', '2026-03-04 12:00:00'),
       ('00000000-0000-0000-0000-000000000005', 'eve@snickr.io', 'eve', 'hash_eve', '2026-03-05 08:00:00');

-- -------------------------------------------------------
-- PROFILES
-- -------------------------------------------------------
INSERT INTO profiles (user_id, nickname, bio)
VALUES ('00000000-0000-0000-0000-000000000001', 'Ali', 'Tech lead @ TechCorp'),
       ('00000000-0000-0000-0000-000000000002', 'Bobby', 'Coffee lover'),
       ('00000000-0000-0000-0000-000000000003', 'Caro', 'Bookworm'),
       ('00000000-0000-0000-0000-000000000004', 'Davey', 'Cloud Architect'),
       ('00000000-0000-0000-0000-000000000005', 'Evie', 'Graphic Designer');

-- -------------------------------------------------------
-- WORKSPACES
-- -------------------------------------------------------
INSERT INTO workspaces (workspace_id, name, description, creator_id, created_at)
VALUES ('11111111-1111-1111-1111-111111111111', 'TechCorp', 'Internal workspace for TechCorp employees',
        '00000000-0000-0000-0000-000000000001', '2026-03-05 09:00:00'),
       ('22222222-2222-2222-2222-222222222222', 'BookClub', 'Monthly book discussion group',
        '00000000-0000-0000-0000-000000000003', '2026-03-06 10:00:00');

-- -------------------------------------------------------
-- WORKSPACE MEMBERSHIPS
-- -------------------------------------------------------
INSERT INTO workspace_memberships (workspace_id, user_id, role, joined_at)
VALUES ('11111111-1111-1111-1111-111111111111', '00000000-0000-0000-0000-000000000001', 'administrator',
        '2026-03-05 09:00:00'),
       ('11111111-1111-1111-1111-111111111111', '00000000-0000-0000-0000-000000000002', 'administrator',
        '2026-03-05 09:30:00'),
       ('11111111-1111-1111-1111-111111111111', '00000000-0000-0000-0000-000000000003', 'member',
        '2026-03-05 10:00:00'),
       ('11111111-1111-1111-1111-111111111111', '00000000-0000-0000-0000-000000000004', 'member',
        '2026-03-06 08:00:00'),
       ('11111111-1111-1111-1111-111111111111', '00000000-0000-0000-0000-000000000005', 'member',
        '2026-03-06 09:00:00'),
       ('22222222-2222-2222-2222-222222222222', '00000000-0000-0000-0000-000000000003', 'administrator',
        '2026-03-06 10:00:00'),
       ('22222222-2222-2222-2222-222222222222', '00000000-0000-0000-0000-000000000004', 'member',
        '2026-03-06 11:00:00'),
       ('22222222-2222-2222-2222-222222222222', '00000000-0000-0000-0000-000000000005', 'member',
        '2026-03-07 08:00:00');

-- -------------------------------------------------------
-- WORKSPACE INVITATIONS
-- -------------------------------------------------------
INSERT INTO workspace_invitations
(workspace_id, inviter_id, invitee_email, status, created_at, expiry_at)
VALUES ('11111111-1111-1111-1111-111111111111',
        '00000000-0000-0000-0000-000000000001', 'bob@snickr.io',
        'accepted', '2026-03-05 09:10:00', '2026-03-12 09:10:00'),

       ('11111111-1111-1111-1111-111111111111',
        '00000000-0000-0000-0000-000000000001', 'carol@snickr.io',
        'accepted', '2026-03-05 09:10:00', '2026-03-12 09:10:00'),

       ('11111111-1111-1111-1111-111111111111',
        '00000000-0000-0000-0000-000000000001', 'dave@snickr.io',
        'accepted', '2026-03-05 09:15:00', '2026-03-12 09:15:00'),

       ('11111111-1111-1111-1111-111111111111',
        '00000000-0000-0000-0000-000000000001', 'eve@snickr.io',
        'accepted', '2026-03-05 09:15:00', '2026-03-12 09:15:00'),

       ('22222222-2222-2222-2222-222222222222',
        '00000000-0000-0000-0000-000000000003', 'dave@snickr.io',
        'accepted', '2026-03-06 10:05:00', '2026-03-13 10:05:00'),

       ('22222222-2222-2222-2222-222222222222',
        '00000000-0000-0000-0000-000000000003', 'eve@snickr.io',
        'accepted', '2026-03-06 10:05:00', '2026-03-13 10:05:00');

-- -------------------------------------------------------
-- CHANNELS
-- -------------------------------------------------------
INSERT INTO channels (channel_id, workspace_id, name, type, creator_id, created_at)
VALUES ('c1111111-1111-1111-1111-111111111111', '11111111-1111-1111-1111-111111111111', 'general', 'public',
        '00000000-0000-0000-0000-000000000001', '2026-03-05 09:05:00'),
       ('c2222222-2222-2222-2222-222222222222', '11111111-1111-1111-1111-111111111111', 'engineering', 'public',
        '00000000-0000-0000-0000-000000000002', '2026-03-05 09:10:00'),
       ('c3333333-3333-3333-3333-333333333333', '11111111-1111-1111-1111-111111111111', 'hiring', 'private',
        '00000000-0000-0000-0000-000000000001', '2026-03-05 09:15:00'),
       ('c4444444-4444-4444-4444-444444444444', '11111111-1111-1111-1111-111111111111', 'alice-bob', 'direct',
        '00000000-0000-0000-0000-000000000001', '2026-03-06 10:00:00'),
       ('c5555555-5555-5555-5555-555555555555', '22222222-2222-2222-2222-222222222222', 'reads', 'public',
        '00000000-0000-0000-0000-000000000003', '2026-03-06 10:05:00'),
       ('c6666666-6666-6666-6666-666666666666', '22222222-2222-2222-2222-222222222222', 'carol-dave', 'direct',
        '00000000-0000-0000-0000-000000000003', '2026-03-07 09:00:00');

-- -------------------------------------------------------
-- CHANNEL MEMBERSHIPS
-- -------------------------------------------------------
INSERT INTO channel_memberships (channel_id, user_id, joined_at)
VALUES
-- #general (public, TechCorp) – all TechCorp members
('c1111111-1111-1111-1111-111111111111', '00000000-0000-0000-0000-000000000001', '2026-03-05 09:05:00'), -- Alice
('c1111111-1111-1111-1111-111111111111', '00000000-0000-0000-0000-000000000002', '2026-03-05 09:35:00'), -- Bob
('c1111111-1111-1111-1111-111111111111', '00000000-0000-0000-0000-000000000003', '2026-03-05 10:05:00'), -- Carol
('c1111111-1111-1111-1111-111111111111', '00000000-0000-0000-0000-000000000004', '2026-03-06 08:05:00'), -- Dave
('c1111111-1111-1111-1111-111111111111', '00000000-0000-0000-0000-000000000005', '2026-03-06 09:05:00'), -- Eve
-- #engineering (public) – alice, bob, dave joined; carol and eve invited but not yet joined
('c2222222-2222-2222-2222-222222222222', '00000000-0000-0000-0000-000000000001', '2026-03-05 09:10:00'),
('c2222222-2222-2222-2222-222222222222', '00000000-0000-0000-0000-000000000002', '2026-03-05 09:40:00'),
('c2222222-2222-2222-2222-222222222222', '00000000-0000-0000-0000-000000000004', '2026-03-06 08:10:00'),
-- #hiring (private) – alice and bob only
('c3333333-3333-3333-3333-333333333333', '00000000-0000-0000-0000-000000000001', '2026-03-05 09:15:00'),
('c3333333-3333-3333-3333-333333333333', '00000000-0000-0000-0000-000000000002', '2026-03-05 09:45:00'),
-- alice<->bob direct
('c4444444-4444-4444-4444-444444444444', '00000000-0000-0000-0000-000000000001', '2026-03-06 10:00:00'),
('c4444444-4444-4444-4444-444444444444', '00000000-0000-0000-0000-000000000002', '2026-03-06 10:01:00'),
-- #reads (public, BookClub) – all BookClub members
('c5555555-5555-5555-5555-555555555555', '00000000-0000-0000-0000-000000000003', '2026-03-06 10:05:00'),
('c5555555-5555-5555-5555-555555555555', '00000000-0000-0000-0000-000000000004', '2026-03-06 11:05:00'),
('c5555555-5555-5555-5555-555555555555', '00000000-0000-0000-0000-000000000005', '2026-03-07 08:05:00'),
-- carol<->dave direct
('c6666666-6666-6666-6666-666666666666', '00000000-0000-0000-0000-000000000003', '2026-03-07 09:00:00'),
('c6666666-6666-6666-6666-666666666666', '00000000-0000-0000-0000-000000000004', '2026-03-07 09:01:00');

-- -------------------------------------------------------
-- CHANNEL INVITATIONS (private + pending > 5 days)
-- carol & eve invited to #engineering on Mar 10 => >5 days old
-- -------------------------------------------------------
INSERT INTO channel_invitations
    (channel_id, inviter_id, invitee_id, status, created_at, expiry_at)
VALUES ('c2222222-2222-2222-2222-222222222222',
        '00000000-0000-0000-0000-000000000001',
        '00000000-0000-0000-0000-000000000003', 'pending', '2026-03-10 08:00:00',
        '2026-03-17 08:00:00'), -- carol not yet joined #engineering
       ('c2222222-2222-2222-2222-222222222222',
        '00000000-0000-0000-0000-000000000001',
        '00000000-0000-0000-0000-000000000005', 'pending', '2026-03-10 08:05:00',
        '2026-03-17 08:05:00'), -- eve  not yet joined #engineering
       ('c3333333-3333-3333-3333-333333333333',
        '00000000-0000-0000-0000-000000000001',
        '00000000-0000-0000-0000-000000000002', 'accepted', '2026-03-05 09:20:00',
        '2026-03-12 09:20:00');
-- bob accepted #hiring invite

-- -------------------------------------------------------
-- MESSAGES
-- -------------------------------------------------------
INSERT INTO messages (message_id, channel_id, sender_id, body, posted_at)
VALUES
-- #general
(gen_random_uuid(), 'c1111111-1111-1111-1111-111111111111', '00000000-0000-0000-0000-000000000001',
 'Welcome everyone to TechCorp on Snickr!', '2026-03-05 09:06:00'),
(gen_random_uuid(), 'c1111111-1111-1111-1111-111111111111', '00000000-0000-0000-0000-000000000002',
 'Thanks Alice, great to be here.', '2026-03-05 09:36:00'),
(gen_random_uuid(), 'c1111111-1111-1111-1111-111111111111', '00000000-0000-0000-0000-000000000003',
 'Hello team! Looking forward to collaborating.', '2026-03-05 10:06:00'),
(gen_random_uuid(), 'c1111111-1111-1111-1111-111111111111', '00000000-0000-0000-0000-000000000004',
 'Hi all! The new perpendicular axis feature is ready for review.', '2026-03-06 08:06:00'),
(gen_random_uuid(), 'c1111111-1111-1111-1111-111111111111', '00000000-0000-0000-0000-000000000005',
 'Exciting! I will check the perpendicular alignment today.', '2026-03-06 09:06:00'),

-- #engineering
(gen_random_uuid(), 'c2222222-2222-2222-2222-222222222222', '00000000-0000-0000-0000-000000000001',
 'Lets discuss the new microservices architecture.', '2026-03-05 09:11:00'),
(gen_random_uuid(), 'c2222222-2222-2222-2222-222222222222', '00000000-0000-0000-0000-000000000002',
 'I think we should use perpendicular partitioning for the DB shards.', '2026-03-05 09:41:00'),
(gen_random_uuid(), 'c2222222-2222-2222-2222-222222222222', '00000000-0000-0000-0000-000000000004',
 'Good idea! I had the same thought about perpendicular indexes.', '2026-03-06 08:11:00'),

-- #hiring
(gen_random_uuid(), 'c3333333-3333-3333-3333-333333333333', '00000000-0000-0000-0000-000000000001',
 'We have two strong candidates for the senior role.', '2026-03-05 09:16:00'),
(gen_random_uuid(), 'c3333333-3333-3333-3333-333333333333', '00000000-0000-0000-0000-000000000002',
 'Agreed. Lets schedule interviews for next week.', '2026-03-05 09:46:00'),

-- alice<->bob direct
(gen_random_uuid(), 'c4444444-4444-4444-4444-444444444444', '00000000-0000-0000-0000-000000000001',
 'Bob, can you review my PR before EOD?', '2026-03-06 10:05:00'),
(gen_random_uuid(), 'c4444444-4444-4444-4444-444444444444', '00000000-0000-0000-0000-000000000002',
 'Sure Alice, will do it by 3pm.', '2026-03-06 10:30:00'),

-- #reads (BookClub)
(gen_random_uuid(), 'c5555555-5555-5555-5555-555555555555', '00000000-0000-0000-0000-000000000003',
 'This months book is Educated by Tara Westover.', '2026-03-06 10:06:00'),
(gen_random_uuid(), 'c5555555-5555-5555-5555-555555555555', '00000000-0000-0000-0000-000000000004',
 'Already started reading, its fascinating!', '2026-03-06 11:06:00'),
(gen_random_uuid(), 'c5555555-5555-5555-5555-555555555555', '00000000-0000-0000-0000-000000000005',
 'Chapter 3 mentions a perpendicular valley – great imagery.', '2026-03-07 08:06:00'),

-- carol<->dave direct
(gen_random_uuid(), 'c6666666-6666-6666-6666-666666666666', '00000000-0000-0000-0000-000000000003',
 'Dave, what did you think of chapter 5?', '2026-03-07 09:05:00'),
(gen_random_uuid(), 'c6666666-6666-6666-6666-666666666666', '00000000-0000-0000-0000-000000000004',
 'Absolutely loved it! Very moving.', '2026-03-07 09:20:00');
